"","Study ID","CalfID","TRT","FOO","Egroup","AgeatEnroll","BWKg","Btime","Bdate","Edate","Etime","TP","HbpremgdL","HbpostmgdL","change","Date_PNEU1","Remark_PNEU1","Date_PNEU2","Remark_PNEU2","Date_PNEU3","Remark_PNEU3","Date_SCOURS1","Remark_SCOURS1","Date_SCOURS2","Remark_SCOURS2","Date_BLOAT1","Remark_BLOAT1","Date_BLOAT2","Remark_BLOAT2","Date_DIED1","Remark_DIED1","BIRTH","ENROLL","dfeP1","dbtwP12","dbtwP23","dfeP2","dfeP3","dfeD1","dfeD2","dbtwD12","dfeDIED","PN1a","PN2","PN3","DIA1","DIA2","DIED","PN2a","Date_PN1a","Date_PN2a"
"1",1,431637,"LIDO","MAD",1,16.42,36.8,19:50:00,"6/12/2025","6/13/2025",12:15:00,6.6,13,15,2,NA,NA,NA,NA,NA,NA,NA,NA,NA,NA,NA,NA,NA,NA,NA,NA,2025-06-12,2025-06-13,NA,NA,NA,NA,NA,NA,NA,NA,NA,0,0,0,0,0,0,0,NA,NA
"2",2,431580,"BO","MAD",1,35.82,NA,00:43:00,"6/12/2025","6/13/2025",12:32:00,7,12,15,3,2025-09-20,"RES6X100",NA,NA,NA,NA,2025-06-13,"EXCENEL IM",2025-06-14,"EXCENEL IM",NA,NA,NA,NA,NA,NA,2025-06-12,2025-06-13,99,NA,NA,NA,NA,0,1,1,NA,1,0,0,1,1,0,0,2025-09-20,NA
"3",3,431603,"B+N","MAD",1,24.97,44.5,11:45:00,"6/12/2025","6/13/2025",12:43:00,6.5,13,13,0,NA,NA,NA,NA,NA,NA,NA,NA,NA,NA,NA,NA,NA,NA,NA,NA,2025-06-12,2025-06-13,NA,NA,NA,NA,NA,NA,NA,NA,NA,0,0,0,0,0,0,0,NA,NA
"4",4,431616,"LIDO","MAD",1,21.37,45,15:30:00,"6/12/2025","6/13/2025",12:52:00,6.7,10,12,2,2025-07-03,"RES6X100",NA,NA,NA,NA,NA,NA,NA,NA,NA,NA,NA,NA,NA,NA,2025-06-12,2025-06-13,20,NA,NA,NA,NA,NA,NA,NA,NA,1,0,0,0,0,0,0,2025-07-03,NA
"5",5,431611,"B+N","MAD",1,22.62,34.5,14:22:00,"6/12/2025","6/13/2025",12:59:00,6.5,10,11,1,NA,NA,NA,NA,NA,NA,2025-06-24,"ENRO+ELECT",NA,NA,NA,NA,NA,NA,NA,NA,2025-06-12,2025-06-13,NA,NA,NA,NA,NA,11,NA,NA,NA,0,0,0,1,0,0,0,NA,NA
"6",6,431633,"BO","MAD",1,17.98,46.8,19:10:00,"6/12/2025","6/13/2025",13:09:00,6.6,15,13,-2,2025-08-11,"RES6X100",2025-08-16,"EXCE-1.5CC",NA,NA,NA,NA,NA,NA,NA,NA,NA,NA,NA,NA,2025-06-12,2025-06-13,59,5,NA,64,NA,NA,NA,NA,NA,1,1,0,0,0,0,0,2025-08-11,NA
"7",7,431618,"BO","MAD",1,21.7,46.4,15:35:00,"6/12/2025","6/13/2025",13:17:00,6.5,13,13,0,NA,NA,NA,NA,NA,NA,NA,NA,NA,NA,NA,NA,NA,NA,NA,NA,2025-06-12,2025-06-13,NA,NA,NA,NA,NA,NA,NA,NA,NA,0,0,0,0,0,0,0,NA,NA
"8",8,431639,"B+N","MAD",1,17.08,45.9,20:30:00,"6/12/2025","6/13/2025",13:35:00,6.9,12,12,0,2025-10-05,"RES6X100",2025-10-05,"EXCE-1.5CC",NA,NA,NA,NA,NA,NA,NA,NA,NA,NA,NA,NA,2025-06-12,2025-06-13,114,0,NA,114,NA,NA,NA,NA,NA,1,1,0,0,0,0,0,2025-10-05,NA
"9",9,431613,"LIDO","MAD",1,22.3,43.2,15:25:00,"6/12/2025","6/13/2025",13:43:00,6.9,11,12,1,2025-07-31,"RES6X100",2025-08-06,"RES6X100",2025-09-16,"RES6X100",NA,NA,NA,NA,NA,NA,NA,NA,NA,NA,2025-06-12,2025-06-13,48,6,41,54,95,NA,NA,NA,NA,1,1,1,0,0,0,1,2025-07-31,2025-09-16
"10",10,431642,"BO","MAD",1,14.97,51.4,22:52:00,"6/12/2025","6/13/2025",13:50:00,7,14,11,-3,NA,NA,NA,NA,NA,NA,NA,NA,NA,NA,NA,NA,NA,NA,NA,NA,2025-06-12,2025-06-13,NA,NA,NA,NA,NA,NA,NA,NA,NA,0,0,0,0,0,0,0,NA,NA
"11",11,431600,"B+N","MAD",1,28.32,NA,09:45:00,"6/12/2025","6/13/2025",14:04:00,6.6,13,13,0,NA,NA,NA,NA,NA,NA,NA,NA,NA,NA,NA,NA,NA,NA,NA,NA,2025-06-12,2025-06-13,NA,NA,NA,NA,NA,NA,NA,NA,NA,0,0,0,0,0,0,0,NA,NA
"12",12,431605,"LIDO","MAD",1,37.13,45,01:03:00,"6/12/2025","6/13/2025",14:11:00,6.9,14,14,0,2025-10-05,"EXCE-1.5CC",2025-10-05,"RES6X100",2025-10-13,"RES6X100",NA,NA,NA,NA,NA,NA,NA,NA,NA,NA,2025-06-12,2025-06-13,114,0,8,114,122,NA,NA,NA,NA,1,1,1,0,0,0,1,2025-10-05,2025-10-13
"13",13,431635,"B+N","MAD",1,18.95,48.6,19:21:00,"6/12/2025","6/13/2025",14:18:00,6.7,12,13,1,2025-09-28,"RES6X100",2025-10-10,"EXCE-1.5CC",NA,NA,NA,NA,NA,NA,NA,NA,NA,NA,NA,NA,2025-06-12,2025-06-13,107,12,NA,119,NA,NA,NA,NA,NA,1,1,0,0,0,0,1,2025-09-28,2025-10-10
"14",14,431599,"BO","MAD",1,28.87,NA,09:40:00,"6/12/2025","6/13/2025",14:32:00,6.9,14,13,-1,2025-08-28,"RES6X100",2025-09-02,"EXCE-1.5CC",2025-09-21,"RES6X100",NA,NA,NA,NA,NA,NA,NA,NA,NA,NA,2025-06-12,2025-06-13,76,5,19,81,100,NA,NA,NA,NA,1,1,1,0,0,0,1,2025-08-28,2025-09-21
"15",15,431594,"LIDO","MAD",1,32.75,NA,05:55:00,"6/12/2025","6/13/2025",14:40:00,6.2,12,13,1,NA,NA,NA,NA,NA,NA,NA,NA,NA,NA,NA,NA,NA,NA,NA,NA,2025-06-12,2025-06-13,NA,NA,NA,NA,NA,NA,NA,NA,NA,0,0,0,0,0,0,0,NA,NA
"16",16,431620,"LIDO","MAD",1,22.63,38.2,16:10:00,"6/12/2025","6/13/2025",14:48:00,6.8,12,13,1,2025-08-15,"RES6X100",2025-08-20,"EXCE-1.5CC",2025-10-06,"RES6X100",NA,NA,NA,NA,NA,NA,NA,NA,NA,NA,2025-06-12,2025-06-13,63,5,47,68,115,NA,NA,NA,NA,1,1,1,0,0,0,1,2025-08-15,2025-10-06
"17",17,431592,"BO","MAD",1,33.05,NA,05:50:00,"6/12/2025","6/13/2025",14:53:00,7.4,13,12,-1,2025-08-10,"RES6X100",2025-08-15,"EXCE-1.5CC",2025-09-17,"RES6X100",NA,NA,NA,NA,NA,NA,NA,NA,NA,NA,2025-06-12,2025-06-13,58,5,33,63,96,NA,NA,NA,NA,1,1,1,0,0,0,1,2025-08-10,2025-09-17
"18",18,431631,"B+N","MAD",1,19.78,42.3,19:11:00,"6/12/2025","6/13/2025",14:58:00,6.4,12,46,34,NA,NA,NA,NA,NA,NA,2025-06-14,"BISMUSOL ORAL",2025-06-15,"BISMUSOL ORAL",NA,NA,NA,NA,NA,NA,2025-06-12,2025-06-13,NA,NA,NA,NA,NA,1,2,1,NA,0,0,0,1,1,0,0,NA,NA
"19",19,431610,"LIDO","MAD",1,24.93,35,14:20:00,"6/12/2025","6/13/2025",15:16:00,6.5,13,11,-2,2025-09-15,"RES6X100",NA,NA,NA,NA,2025-06-14,"BISMUSOL ORAL",2025-06-15,"BISMUSOL ORAL",NA,NA,NA,NA,NA,NA,2025-06-12,2025-06-13,94,NA,NA,NA,NA,1,2,1,NA,1,0,0,1,1,0,0,2025-09-15,NA
"20",20,431608,"BO","MAD",1,25.17,45.5,14:15:00,"6/12/2025","6/13/2025",15:25:00,6.5,13,13,0,2025-07-21,"RES6X100",2025-07-27,"EXCE-1.5CC",2025-09-01,"RES6X100",NA,NA,NA,NA,NA,NA,NA,NA,2025-09-14,"INFECTION",2025-06-12,2025-06-13,38,6,36,44,80,NA,NA,NA,93,1,1,1,0,0,1,1,2025-07-21,2025-09-01
"21",21,431598,"B+N","MAD",1,31.72,NA,07:50:00,"6/12/2025","6/13/2025",15:33:00,6.7,13,11,-2,2025-10-01,"RES6X100",NA,NA,NA,NA,2025-06-14,"BISMUSOL ORAL",2025-06-15,"BISMUSOL ORAL",NA,NA,NA,NA,2025-10-07,"INFECTION",2025-06-12,2025-06-13,110,NA,NA,NA,NA,1,2,1,116,1,0,0,1,1,1,0,2025-10-01,NA
"22",22,431621,"LIDO","MAD",1,23.28,47.7,16:20:00,"6/12/2025","6/13/2025",15:37:00,6.5,13,10,-3,2025-09-20,"RES6X100",2025-09-28,"EXCE-1.5CC",NA,NA,NA,NA,NA,NA,NA,NA,NA,NA,NA,NA,2025-06-12,2025-06-13,99,8,NA,107,NA,NA,NA,NA,NA,1,1,0,0,0,0,1,2025-09-20,2025-09-28
"23",23,431581,"B+N","MAD",1,38.12,NA,01:35:00,"6/12/2025","6/13/2025",15:42:00,6.6,11,11,0,2025-09-24,"RES6X100",2025-09-24,"EXCE-1.5CC",NA,NA,NA,NA,NA,NA,NA,NA,NA,NA,NA,NA,2025-06-12,2025-06-13,103,0,NA,103,NA,NA,NA,NA,NA,1,1,0,0,0,0,0,2025-09-24,NA
"24",24,431622,"BO","MAD",1,22.33,58.2,17:30:00,"6/12/2025","6/13/2025",15:50:00,6.3,14,44,30,2025-09-29,"RES6X100",NA,NA,NA,NA,NA,NA,NA,NA,NA,NA,NA,NA,NA,NA,2025-06-12,2025-06-13,108,NA,NA,NA,NA,NA,NA,NA,NA,1,0,0,0,0,0,0,2025-09-29,NA
"25",25,431636,"B+N","MAD",1,20.55,35.9,19:23:00,"6/12/2025","6/13/2025",15:56:00,6.9,12,12,0,NA,NA,NA,NA,NA,NA,NA,NA,NA,NA,NA,NA,NA,NA,NA,NA,2025-06-12,2025-06-13,NA,NA,NA,NA,NA,NA,NA,NA,NA,0,0,0,0,0,0,0,NA,NA
"26",26,431602,"BO","MAD",1,28.1,44.1,11:58:00,"6/12/2025","6/13/2025",16:04:00,6.3,14,12,-2,2025-08-18,"RES6X100",2025-08-23,"EXCE-1.5CC",NA,NA,NA,NA,NA,NA,NA,NA,NA,NA,NA,NA,2025-06-12,2025-06-13,66,5,NA,71,NA,NA,NA,NA,NA,1,1,0,0,0,0,0,2025-08-18,NA
"27",27,431612,"LIDO","MAD",1,25.15,40.5,15:00:00,"6/12/2025","6/13/2025",16:09:00,6.1,13,15,2,2025-08-16,"RES6X100",2025-08-21,"EXCE-1.5CC",2025-09-22,"RES6X100",NA,NA,NA,NA,NA,NA,NA,NA,NA,NA,2025-06-12,2025-06-13,64,5,32,69,101,NA,NA,NA,NA,1,1,1,0,0,0,1,2025-08-16,2025-09-22
"28",28,409820,"BO","CAD",1,29.07,37.7,11:11:00,"6/12/2025","6/13/2025",16:15:00,6.8,15,14,-1,2025-07-29,"RES6X100",2025-08-02,"EXCE-1.5CC",NA,NA,NA,NA,NA,NA,2025-07-28,"MIN OIL",2025-07-29,"MIN OIL",2025-08-03,"DIGESTIV",2025-06-12,2025-06-13,46,4,NA,50,NA,NA,NA,NA,51,1,1,0,0,0,1,0,2025-07-29,NA
"29",29,409818,"B+N","CAD",1,30.68,35,09:40:00,"6/12/2025","6/13/2025",16:21:00,7.3,14,35,21,2025-07-18,"RES6X100",2025-07-23,"EXCE-1.5CC",2025-10-05,"RES6X100",NA,NA,NA,NA,NA,NA,NA,NA,NA,NA,2025-06-12,2025-06-13,35,5,74,40,114,NA,NA,NA,NA,1,1,1,0,0,0,1,2025-07-18,2025-10-05
"30",30,409821,"LIDO","CAD",1,22.53,40.5,17:55:00,"6/12/2025","6/13/2025",16:27:00,7.2,14,14,0,NA,NA,NA,NA,NA,NA,NA,NA,NA,NA,NA,NA,NA,NA,NA,NA,2025-06-12,2025-06-13,NA,NA,NA,NA,NA,NA,NA,NA,NA,0,0,0,0,0,0,0,NA,NA
"31",31,432001,"B+N","MAD",2,26.82,40.9,10:10:00,"6/19/2025","6/20/2025",12:59:00,5.6,13,11,-2,2025-10-04,"RES6X100",NA,NA,NA,NA,2025-06-20,"BISMUSOL ORAL",2025-06-21,"BISMUSOL ORAL",NA,NA,NA,NA,NA,NA,2025-06-19,2025-06-20,106,NA,NA,NA,NA,0,1,1,NA,1,0,0,1,1,0,0,2025-10-04,NA
"32",33,432031,"BO","MAD",2,17.3,42.3,19:49:00,"6/19/2025","6/20/2025",13:07:00,7.1,14,12,-2,2025-09-22,"RES6X100",2025-10-11,"EXCE-1.5CC",NA,NA,NA,NA,NA,NA,NA,NA,NA,NA,NA,NA,2025-06-19,2025-06-20,94,19,NA,113,NA,NA,NA,NA,NA,1,1,0,0,0,0,1,2025-09-22,2025-10-11
"33",34,431997,"LIDO","MAD",2,30.35,52.7,06:50:00,"6/19/2025","6/20/2025",13:11:00,7,13,13,0,2025-08-15,"RES6X100",2025-08-20,"EXCE-1.5CC",NA,NA,2025-06-29,"ENRO+ELECT",NA,NA,NA,NA,NA,NA,NA,NA,2025-06-19,2025-06-20,56,5,NA,61,NA,9,NA,NA,NA,1,1,0,1,0,0,0,2025-08-15,NA
"34",35,432032,"BO","MAD",2,17.05,35.5,20:10:00,"6/19/2025","6/20/2025",13:13:00,6.6,13,12,-1,2025-09-27,"RES6X100",2025-10-01,"EXCE-1.5CC",NA,NA,NA,NA,NA,NA,NA,NA,NA,NA,NA,NA,2025-06-19,2025-06-20,99,4,NA,103,NA,NA,NA,NA,NA,1,1,0,0,0,0,0,2025-09-27,NA
"35",36,432009,"B+N","MAD",2,23.97,42.7,13:20:00,"6/19/2025","6/20/2025",13:18:00,6.5,14,32,18,2025-08-07,"RES6X100",2025-08-12,"EXCE-1.5CC",2025-10-04,"RES6X100",NA,NA,NA,NA,NA,NA,NA,NA,NA,NA,2025-06-19,2025-06-20,48,5,53,53,106,NA,NA,NA,NA,1,1,1,0,0,0,1,2025-08-07,2025-10-04
"36",37,432006,"B+N","MAD",2,24.35,40.9,13:00:00,"6/19/2025","6/20/2025",13:21:00,7.6,14,12,-2,2025-07-26,"RES6X100",2025-07-31,"EXCE-1.5CC",2025-09-04,"RES6X100",2025-06-20,"BISMUSOL ORAL",2025-06-21,"BISMUSOL ORAL",NA,NA,NA,NA,2025-09-17,"INFECTION",2025-06-19,2025-06-20,36,5,35,41,76,0,1,1,89,1,1,1,1,1,1,1,2025-07-26,2025-09-04
"37",38,432024,"BO","MAD",2,22.38,37.3,15:00:00,"6/19/2025","6/20/2025",13:23:00,7,15,17,2,2025-08-08,"RES6X100",2025-08-13,"EXCE-1.5CC",2025-10-06,"RES6X100",NA,NA,NA,NA,NA,NA,NA,NA,NA,NA,2025-06-19,2025-06-20,49,5,54,54,108,NA,NA,NA,NA,1,1,1,0,0,0,1,2025-08-08,2025-10-06
"38",39,432040,"LIDO","MAD",2,14.95,32.3,22:30:00,"6/19/2025","6/20/2025",13:27:00,7.2,13,21,8,NA,NA,NA,NA,NA,NA,NA,NA,NA,NA,NA,NA,NA,NA,NA,NA,2025-06-19,2025-06-20,NA,NA,NA,NA,NA,NA,NA,NA,NA,0,0,0,0,0,0,0,NA,NA
"39",40,431998,"LIDO","MAD",2,30.38,44.1,07:08:00,"6/19/2025","6/20/2025",13:31:00,6.6,14,13,-1,2025-08-29,"RES6X100",2025-09-03,"EXCE-1.5CC",2025-09-21,"RES6X100",2025-06-20,"BISMUSOL ORAL",2025-06-21,"BISMUSOL ORAL",NA,NA,NA,NA,NA,NA,2025-06-19,2025-06-20,70,5,18,75,93,0,1,1,NA,1,1,1,1,1,0,1,2025-08-29,2025-09-21
"40",41,432029,"BO","MAD",2,18.98,37.7,18:35:00,"6/19/2025","6/20/2025",13:34:00,7.2,13,12,-1,2025-07-11,"RES6X100",2025-07-16,"EXCE-1.5CC",2025-09-23,"RES6X100",NA,NA,NA,NA,NA,NA,NA,NA,NA,NA,2025-06-19,2025-06-20,21,5,69,26,95,NA,NA,NA,NA,1,1,1,0,0,0,1,2025-07-11,2025-09-23
"41",42,432019,"B+N","MAD",2,22.02,47.7,15:35:00,"6/19/2025","6/20/2025",13:36:00,6.1,13,12,-1,2025-07-14,"RES6X100",2025-07-19,"EXCE-1.5CC",2025-09-30,"EXCE-1.5CC",NA,NA,NA,NA,NA,NA,NA,NA,NA,NA,2025-06-19,2025-06-20,24,5,73,29,102,NA,NA,NA,NA,1,1,1,0,0,0,1,2025-07-14,2025-09-30
"42",43,409933,"B+N","CAD",2,21.43,50,16:15:00,"6/19/2025","6/20/2025",13:41:00,6.6,12,13,1,NA,NA,NA,NA,NA,NA,NA,NA,NA,NA,NA,NA,NA,NA,NA,NA,2025-06-19,2025-06-20,NA,NA,NA,NA,NA,NA,NA,NA,NA,0,0,0,0,0,0,0,NA,NA
"43",44,432008,"BO","MAD",2,24.6,44.1,13:10:00,"6/19/2025","6/20/2025",13:46:00,6.8,12,12,0,NA,NA,NA,NA,NA,NA,NA,NA,NA,NA,NA,NA,NA,NA,NA,NA,2025-06-19,2025-06-20,NA,NA,NA,NA,NA,NA,NA,NA,NA,0,0,0,0,0,0,0,NA,NA
"44",45,432007,"LIDO","MAD",2,24.8,50,13:00:00,"6/19/2025","6/20/2025",13:48:00,6.6,13,13,0,2025-08-15,"RES6X100",2025-08-20,"EXCE-1.5CC",2025-10-06,"RES6X100",2025-06-20,"BISMUSOL ORAL",2025-06-21,"BISMUSOL ORAL",NA,NA,NA,NA,NA,NA,2025-06-19,2025-06-20,56,5,47,61,108,0,1,1,NA,1,1,1,1,1,0,1,2025-08-15,2025-10-06
"45",46,432044,"LIDO","MAD",2,15.1,41.8,15:29:00,"6/19/2025","6/20/2025",13:52:00,7.4,13,13,0,2025-07-14,"RES6X100",2025-07-19,"EXCE-1.5CC",2025-09-30,"EXCE-1.5CC",NA,NA,NA,NA,NA,NA,NA,NA,NA,NA,2025-06-19,2025-06-20,24,5,73,29,102,NA,NA,NA,NA,1,1,1,0,0,0,1,2025-07-14,2025-09-30
"46",47,432018,"BO","MAD",2,22.38,29.5,22:56:00,"6/19/2025","6/20/2025",14:02:00,6.5,13,17,4,NA,NA,NA,NA,NA,NA,NA,NA,NA,NA,NA,NA,NA,NA,NA,NA,2025-06-19,2025-06-20,NA,NA,NA,NA,NA,NA,NA,NA,NA,0,0,0,0,0,0,0,NA,NA
"47",48,432020,"B+N","MAD",2,22.43,48.2,15:40:00,"6/19/2025","6/20/2025",14:06:00,6.9,12,12,0,2025-10-11,"RES6X100",NA,NA,NA,NA,2025-06-20,"BISMUSOL ORAL",2025-06-21,"BISMUSOL ORAL",NA,NA,NA,NA,NA,NA,2025-06-19,2025-06-20,113,NA,NA,NA,NA,0,1,1,NA,1,0,0,1,1,0,0,2025-10-11,NA
"48",49,409925,"LIDO","CAD",2,29.03,39.5,09:10:00,"6/19/2025","6/20/2025",14:12:00,6.9,11,11,0,2025-07-22,"RES6X100",2025-07-27,"EXCE-1.5CC",2025-09-25,"RES6X100",NA,NA,NA,NA,NA,NA,NA,NA,NA,NA,2025-06-19,2025-06-20,32,5,60,37,97,NA,NA,NA,NA,1,1,1,0,0,0,1,2025-07-22,2025-09-25
"49",50,432045,"B+N","MAD",2,38.2,40.9,00:03:00,"6/19/2025","6/20/2025",14:15:00,6.2,12,11,-1,2025-08-24,"RES6X100",2025-08-29,"EXCE-1.5CC",NA,NA,NA,NA,NA,NA,NA,NA,NA,NA,NA,NA,2025-06-19,2025-06-20,65,5,NA,70,NA,NA,NA,NA,NA,1,1,0,0,0,0,0,2025-08-24,NA
"50",51,409937,"BO","CAD",2,18.87,38.6,19:25:00,"6/19/2025","6/20/2025",14:17:00,6.1,10,13,3,2025-09-25,"RES6X100",2025-10-04,"EXCE-1.5CC",NA,NA,2025-06-29,"ENRO+ELECT",2025-07-01,"ELEC+ADD",2025-09-25,"MIN OIL",NA,NA,NA,NA,2025-06-19,2025-06-20,97,9,NA,106,NA,9,11,2,NA,1,1,0,1,1,0,1,2025-09-25,2025-10-04
"51",52,432038,"BO","MAD",2,15.37,41.8,23:00:00,"6/19/2025","6/20/2025",14:22:00,7,11,13,2,2025-08-21,"RES6X100",2025-08-26,"EXCE-1.5CC",2025-09-24,"RES6X100",NA,NA,NA,NA,NA,NA,NA,NA,NA,NA,2025-06-19,2025-06-20,62,5,29,67,96,NA,NA,NA,NA,1,1,1,0,0,0,1,2025-08-21,2025-09-24
"52",53,432027,"B+N","MAD",2,20.57,61.4,17:50:00,"6/19/2025","6/20/2025",14:24:00,7,11,16,5,2025-08-25,"RES6X100",2025-08-30,"EXCE-1.5CC",2025-09-30,"RES6X100",NA,NA,NA,NA,NA,NA,NA,NA,NA,NA,2025-06-19,2025-06-20,66,5,31,71,102,NA,NA,NA,NA,1,1,1,0,0,0,1,2025-08-25,2025-09-30
"53",54,409927,"LIDO","CAD",2,29.13,40.5,09:20:00,"6/19/2025","6/20/2025",14:28:00,7.4,14,14,0,2025-07-19,"RES6X100",2025-07-28,"EXCE-1.5CC",NA,NA,NA,NA,NA,NA,NA,NA,NA,NA,NA,NA,2025-06-19,2025-06-20,29,9,NA,38,NA,NA,NA,NA,NA,1,1,0,0,0,0,1,2025-07-19,2025-07-28
"54",55,409922,"B+N","CAD",2,34.37,40,04:10:00,"6/19/2025","6/20/2025",14:32:00,6.5,14,12,-2,NA,NA,NA,NA,NA,NA,NA,NA,NA,NA,NA,NA,NA,NA,NA,NA,2025-06-19,2025-06-20,NA,NA,NA,NA,NA,NA,NA,NA,NA,0,0,0,0,0,0,0,NA,NA
"55",56,432035,"LIDO","MAD",2,17.48,40.9,21:06:00,"6/19/2025","6/20/2025",14:35:00,6.9,13,13,0,NA,NA,NA,NA,NA,NA,NA,NA,NA,NA,NA,NA,NA,NA,NA,NA,2025-06-19,2025-06-20,NA,NA,NA,NA,NA,NA,NA,NA,NA,0,0,0,0,0,0,0,NA,NA
"56",57,432050,"BO","MAD",2,38.02,34.5,00:40:00,"6/20/2025","6/20/2025",14:41:00,7,14,15,1,2025-08-21,"RES6X100",2025-08-26,"EXCE-1.5CC",NA,NA,NA,NA,NA,NA,NA,NA,NA,NA,NA,NA,2025-06-20,2025-06-20,62,5,NA,67,NA,NA,NA,NA,NA,1,1,0,0,0,0,0,2025-08-21,NA
"57",58,409928,"LIDO","CAD",2,28.4,40.9,10:15:00,"6/19/2025","6/20/2025",14:39:00,6.9,11,51,40,NA,NA,NA,NA,NA,NA,NA,NA,NA,NA,NA,NA,NA,NA,NA,NA,2025-06-19,2025-06-20,NA,NA,NA,NA,NA,NA,NA,NA,NA,0,0,0,0,0,0,0,NA,NA
"58",59,409935,"BO","CAD",2,20.17,40,18:33:00,"6/19/2025","6/20/2025",14:43:00,6.9,13,13,0,2025-08-29,"EXCE-1.5CC",2025-09-03,"RES6X100",2025-09-03,"EXCE-1.5CC",NA,NA,NA,NA,NA,NA,NA,NA,NA,NA,2025-06-19,2025-06-20,70,5,0,75,75,NA,NA,NA,NA,1,1,1,0,0,0,0,2025-08-29,NA
"59",60,432028,"B+N","MAD",2,20.95,36.4,17:50:00,"6/19/2025","6/20/2025",14:47:00,8.1,9,13,4,2025-09-13,"RES6X100",2025-09-19,"EXCE-1.5CC",2025-09-19,"RES6X100",2025-06-22,"BISMUSOL ORAL",2025-06-23,"BISMUSOL ORAL",NA,NA,NA,NA,NA,NA,2025-06-19,2025-06-20,85,6,0,91,91,2,3,1,NA,1,1,1,1,1,0,0,2025-09-13,NA
"60",61,409926,"BO","CAD",2,29.53,47.7,09:20:00,"6/19/2025","6/20/2025",14:52:00,6.9,11,13,2,2025-09-19,"EXCE-1.5CC",2025-09-19,"RES6X100",2025-09-24,"EXCE-1.5CC",2025-06-28,"ENRO+ELECT",NA,NA,NA,NA,NA,NA,2025-10-19,"INFECTION",2025-06-19,2025-06-20,91,0,5,91,96,8,NA,NA,121,1,1,1,1,0,1,0,2025-09-19,NA
"61",62,432026,"B+N","MAD",2,21.65,52.7,17:15:00,"6/19/2025","6/20/2025",14:54:00,6.5,10,15,5,2025-09-30,"EXCE-1.5CC",2025-09-30,"RES6X100",NA,NA,NA,NA,NA,NA,NA,NA,NA,NA,NA,NA,2025-06-19,2025-06-20,102,0,NA,102,NA,NA,NA,NA,NA,1,1,0,0,0,0,0,2025-09-30,NA
"62",63,432048,"LIDO","MAD",2,28.2,32.3,00:46:00,"6/20/2025","6/20/2025",14:58:00,7.5,11,15,4,2025-07-20,"RES6X100",2025-07-25,"EXCE-1.5CC",2025-10-09,"RES6X100",NA,NA,NA,NA,NA,NA,NA,NA,NA,NA,2025-06-20,2025-06-20,30,5,76,35,111,NA,NA,NA,NA,1,1,1,0,0,0,1,2025-07-20,2025-10-09
"63",64,432022,"LIDO","MAD",2,23.17,32.3,15:50:00,"6/19/2025","6/20/2025",15:00:00,6.5,13,13,0,2025-09-27,"RES6X100",2025-10-05,"EXCE-1.5CC",NA,NA,2025-06-20,"BISMUSOL ORAL",2025-06-21,"BISMUSOL ORAL",NA,NA,NA,NA,NA,NA,2025-06-19,2025-06-20,99,8,NA,107,NA,0,1,1,NA,1,1,0,1,1,0,1,2025-09-27,2025-10-05
"64",65,449449,"BO","CAD",3,30.9,49.5,05:35:00,"7/24/2025","7/25/2025",12:29:00,7.2,12,14,2,2025-08-28,"RES6X100",2025-09-02,"EXCE-1.5CC",2025-11-01,"RES6X100",NA,NA,NA,NA,NA,NA,NA,NA,NA,NA,2025-07-24,2025-07-25,34,5,60,39,99,NA,NA,NA,NA,1,1,1,0,0,0,1,2025-08-28,2025-11-01
"65",66,449450,"B+N","CAD",3,15.5,33.2,21:05:00,"7/24/2025","7/25/2025",12:35:00,5.7,11,10,-1,2025-10-30,"RES6X100",2025-11-04,"EXCE-1.5CC",NA,NA,NA,NA,NA,NA,NA,NA,NA,NA,NA,NA,2025-07-24,2025-07-25,97,5,NA,102,NA,NA,NA,NA,NA,1,1,0,0,0,0,0,2025-10-30,NA
"66",67,449435,"B+N","CAD",3,29.45,43.2,07:10:00,"7/24/2025","7/25/2025",12:37:00,5.9,11,11,0,NA,NA,NA,NA,NA,NA,NA,NA,NA,NA,NA,NA,NA,NA,NA,NA,2025-07-24,2025-07-25,NA,NA,NA,NA,NA,NA,NA,NA,NA,0,0,0,0,0,0,0,NA,NA
"67",68,449439,"BO","CAD",3,28.02,44.1,08:40:00,"7/24/2025","7/25/2025",12:41:00,6.8,12,10,-2,2025-10-13,"RES6X100",2025-10-18,"EXCE-1.5CC",2025-10-30,"RES6X100",NA,NA,NA,NA,NA,NA,NA,NA,NA,NA,2025-07-24,2025-07-25,80,5,12,85,97,NA,NA,NA,NA,1,1,1,0,0,0,1,2025-10-13,2025-10-30
"68",69,449432,"LIDO","CAD",3,34.17,42.7,02:35:00,"7/24/2025","7/25/2025",12:45:00,7.3,12,12,0,2025-08-03,"RES6X100",NA,NA,NA,NA,2025-08-04,"FLUIDOS",NA,NA,NA,NA,NA,NA,2025-08-05,"INFECTION",2025-07-24,2025-07-25,9,NA,NA,NA,NA,10,NA,NA,11,1,0,0,1,0,1,0,2025-08-03,NA
"69",70,433958,"LIDO","MAD",3,32.57,43.2,04:15:00,"7/24/2025","7/25/2025",12:49:00,5.9,12,11,-1,2025-08-29,"RES6X100",2025-09-03,"EXCE-1.5CC",2025-11-03,"RES6X100",NA,NA,NA,NA,NA,NA,NA,NA,NA,NA,2025-07-24,2025-07-25,35,5,61,40,101,NA,NA,NA,NA,1,1,1,0,0,0,1,2025-08-29,2025-11-03
"70",71,433960,"BO","MAD",3,32.55,48.6,04:18:00,"7/24/2025","7/25/2025",12:51:00,6.5,10,10,0,2025-10-22,"EXCE-1.5CC",2025-10-25,"RES6X100",NA,NA,NA,NA,NA,NA,NA,NA,NA,NA,NA,NA,2025-07-24,2025-07-25,89,3,NA,92,NA,NA,NA,NA,NA,1,1,0,0,0,0,0,2025-10-22,NA
"71",72,449438,"B+N","CAD",3,28.73,45,08:11:00,"7/24/2025","7/25/2025",12:55:00,6.5,14,36,22,NA,NA,NA,NA,NA,NA,NA,NA,NA,NA,NA,NA,NA,NA,NA,NA,2025-07-24,2025-07-25,NA,NA,NA,NA,NA,NA,NA,NA,NA,0,0,0,0,0,0,0,NA,NA
"72",73,433954,"LIDO","MAD",3,34.22,46.8,02:45:00,"7/24/2025","7/25/2025",12:58:00,6.6,14,13,-1,2025-10-17,"RES6X100",2025-10-27,"RES6X100",2025-10-30,"EXCE-1.5CC",NA,NA,NA,NA,2025-10-17,"MIN OIL",2025-10-27,"MIN OIL",NA,NA,2025-07-24,2025-07-25,84,10,3,94,97,NA,NA,NA,NA,1,1,1,0,0,0,1,2025-10-17,2025-10-27
"73",74,433967,"B+N","MAD",3,30.85,38.2,06:10:00,"7/24/2025","7/25/2025",13:01:00,7.2,14,13,-1,2025-08-28,"RES6X100",2025-09-02,"EXCE-1.5CC",NA,NA,NA,NA,NA,NA,NA,NA,NA,NA,NA,NA,2025-07-24,2025-07-25,34,5,NA,39,NA,NA,NA,NA,NA,1,1,0,0,0,0,0,2025-08-28,NA
"74",75,433996,"BO","MAD",3,16.52,50.5,20:32:00,"7/24/2025","7/25/2025",13:03:00,7.2,14,19,5,2025-10-04,"RES6X100",2025-10-09,"EXCE-1.5CC",2025-10-29,"RES6X100",NA,NA,NA,NA,NA,NA,NA,NA,NA,NA,2025-07-24,2025-07-25,71,5,20,76,96,NA,NA,NA,NA,1,1,1,0,0,0,1,2025-10-04,2025-10-29
"75",76,433959,"LIDO","MAD",3,32.82,49.1,04:17:00,"7/24/2025","7/25/2025",13:06:00,6.7,11,13,2,NA,NA,NA,NA,NA,NA,2025-07-27,"EXCENEL IM",2025-07-28,"EXCENEL IM",NA,NA,NA,NA,NA,NA,2025-07-24,2025-07-25,NA,NA,NA,NA,NA,2,3,1,NA,0,0,0,1,1,0,0,NA,NA
"76",77,433978,"B+N","MAD",3,24.47,41.8,12:42:00,"7/24/2025","7/25/2025",13:10:00,7.2,12,11,-1,NA,NA,NA,NA,NA,NA,NA,NA,NA,NA,NA,NA,NA,NA,NA,NA,2025-07-24,2025-07-25,NA,NA,NA,NA,NA,NA,NA,NA,NA,0,0,0,0,0,0,0,NA,NA
"77",78,433970,"BO","MAD",3,31,50.5,06:15:00,"7/24/2025","7/25/2025",13:15:00,6.4,11,16,5,2025-08-24,"RES6X100",2025-08-29,"EXCE-1.5CC",2025-10-03,"EXCE-1.5CC",NA,NA,NA,NA,NA,NA,NA,NA,NA,NA,2025-07-24,2025-07-25,30,5,35,35,70,NA,NA,NA,NA,1,1,1,0,0,0,1,2025-08-24,2025-10-03
"78",79,433979,"BO","MAD",3,24.07,50,13:15:00,"7/24/2025","7/25/2025",13:19:00,6.7,10,12,2,NA,NA,NA,NA,NA,NA,NA,NA,NA,NA,NA,NA,NA,NA,NA,NA,2025-07-24,2025-07-25,NA,NA,NA,NA,NA,NA,NA,NA,NA,0,0,0,0,0,0,0,NA,NA
"79",80,433965,"B+N","MAD",3,31.58,46.4,05:46:00,"7/24/2025","7/25/2025",13:21:00,6.9,11,12,1,2025-08-12,"RES6X100",2025-08-18,"EXCE-1.5CC",2025-10-23,"RES6X100",NA,NA,NA,NA,2025-10-23,"MIN OIL",NA,NA,NA,NA,2025-07-24,2025-07-25,18,6,66,24,90,NA,NA,NA,NA,1,1,1,0,0,0,1,2025-08-12,2025-10-23
"80",81,449441,"LIDO","CAD",3,26.42,43.2,11:00:00,"7/24/2025","7/25/2025",13:25:00,6.6,12,12,0,NA,NA,NA,NA,NA,NA,2025-08-02,"ENRO+ELECT",NA,NA,NA,NA,NA,NA,NA,NA,2025-07-24,2025-07-25,NA,NA,NA,NA,NA,8,NA,NA,NA,0,0,0,1,0,0,0,NA,NA
"81",82,434002,"BO","MAD",3,15.5,36.8,22:00:00,"7/24/2025","7/25/2025",13:30:00,7,12,16,4,2025-08-26,"RES6X100",2025-09-01,"EXCE-1.5CC",2025-11-09,"RES6X100",NA,NA,NA,NA,NA,NA,NA,NA,NA,NA,2025-07-24,2025-07-25,32,6,69,38,107,NA,NA,NA,NA,1,1,1,0,0,0,1,2025-08-26,2025-11-09
"82",83,433975,"B+N","MAD",3,26.12,35,11:25:00,"7/24/2025","7/25/2025",13:32:00,7.5,14,13,-1,2025-10-05,"RES6X100",2025-10-11,"EXCE-1.5CC",NA,NA,NA,NA,NA,NA,NA,NA,NA,NA,NA,NA,2025-07-24,2025-07-25,72,6,NA,78,NA,NA,NA,NA,NA,1,1,0,0,0,0,0,2025-10-05,NA
"83",84,433994,"LIDO","MAD",3,17.58,44.1,20:00:00,"7/24/2025","7/25/2025",13:35:00,6.6,10,11,1,2025-09-25,"RES6X100",2025-09-30,"EXCE-1.5CC",2025-10-28,"RES6X100",NA,NA,NA,NA,NA,NA,NA,NA,NA,NA,2025-07-24,2025-07-25,62,5,28,67,95,NA,NA,NA,NA,1,1,1,0,0,0,1,2025-09-25,2025-10-28
"84",85,433980,"B+N","MAD",3,23.12,39.1,14:32:00,"7/24/2025","7/25/2025",13:39:00,6.7,12,12,0,NA,NA,NA,NA,NA,NA,2025-08-01,"ENRO+ELECT",2025-08-02,"ELEC+ADD",NA,NA,NA,NA,NA,NA,2025-07-24,2025-07-25,NA,NA,NA,NA,NA,7,8,1,NA,0,0,0,1,1,0,0,NA,NA
"85",86,433982,"LIDO","MAD",3,21.98,45.9,15:43:00,"7/24/2025","7/25/2025",13:42:00,6.7,12,10,-2,2025-09-13,"RES6X100",2025-09-18,"EXCE-1.5CC",2025-10-25,"RES6X100",NA,NA,NA,NA,NA,NA,NA,NA,NA,NA,2025-07-24,2025-07-25,50,5,37,55,92,NA,NA,NA,NA,1,1,1,0,0,0,1,2025-09-13,2025-10-25
"86",87,449444,"BO","CAD",3,24.95,39.5,12:48:00,"7/24/2025","7/25/2025",13:45:00,6.9,11,11,0,2025-10-15,"RES6X100",NA,NA,NA,NA,NA,NA,NA,NA,NA,NA,NA,NA,NA,NA,2025-07-24,2025-07-25,82,NA,NA,NA,NA,NA,NA,NA,NA,1,0,0,0,0,0,0,2025-10-15,NA
"87",88,433995,"LIDO","MAD",3,17.37,43.6,20:25:00,"7/24/2025","7/25/2025",13:47:00,6.8,12,13,1,NA,NA,NA,NA,NA,NA,2025-07-26,"BISMUSOL ORAL",2025-07-27,"BISMUSOL ORAL",NA,NA,NA,NA,NA,NA,2025-07-24,2025-07-25,NA,NA,NA,NA,NA,1,2,1,NA,0,0,0,1,1,0,0,NA,NA
"88",89,434000,"B+N","MAD",3,16.32,34.5,21:32:00,"7/24/2025","7/25/2025",13:51:00,6.7,11,11,0,2025-09-16,"RES6X100",2025-09-21,"EXCE-1.5CC",2025-11-01,"RES6X100",2025-08-02,"ENRO+ELECT",NA,NA,NA,NA,NA,NA,NA,NA,2025-07-24,2025-07-25,53,5,41,58,99,8,NA,NA,NA,1,1,1,1,0,0,1,2025-09-16,2025-11-01
"89",90,433984,"BO","MAD",3,21.18,44.1,16:43:00,"7/24/2025","7/25/2025",13:54:00,6.7,11,15,4,NA,NA,NA,NA,NA,NA,NA,NA,NA,NA,NA,NA,NA,NA,NA,NA,2025-07-24,2025-07-25,NA,NA,NA,NA,NA,NA,NA,NA,NA,0,0,0,0,0,0,0,NA,NA
"90",91,433981,"LIDO","MAD",3,23.32,45.9,14:39:00,"7/24/2025","7/25/2025",13:58:00,7.6,15,14,-1,2025-10-07,"RES6X100",2025-10-12,"EXCE-1.5CC",2025-10-27,"RES6X100",NA,NA,NA,NA,NA,NA,NA,NA,NA,NA,2025-07-24,2025-07-25,74,5,15,79,94,NA,NA,NA,NA,1,1,1,0,0,0,1,2025-10-07,2025-10-27
